127	147.500	FC Bayern München	Bayern München	Ger
109	144.500	Real Madrid CF	Real Madrid	Esp
114	132.000	Paris Saint-Germain FC	Paris Saint-Germain	Fra
103	130.000	Liverpool FC	Liverpool	Eng
119	127.000	FC Internazionale Milano	Internazionale	Ita
173	125.500	Manchester City FC	Manchester City	Eng
101	119.000	Arsenal FC	Arsenal	Eng
108	113.250	FC Barcelona	FC Barcelona	Esp
128	105.000	Bayer 04 Leverkusen	Bayer Leverkusen	Ger
172	104.750	Atlético de Madrid	Atlético Madrid	Esp
126	100.750	Borussia Dortmund	Borussia Dortmund	Ger
102	99.250	Chelsea FC	Chelsea	Eng
125	97.750	AS Roma	AS Roma	Ita
191	90.000	SL Benfica	Benfica	Por
193	84.000	Sporting CP	Sporting CP Lisbon	Por
234	84.000	Atalanta BC	Atalanta	Ita
107	83.000	Aston Villa FC	Aston Villa	Eng
226	83.000	Eintracht Frankfurt	Eintracht Frankfurt	Ger
179	82.000	Tottenham Hotspur FC	Tottenham Hotspur	Eng
192	80.750	FC Porto	FC Porto	Por
100	76.500	Manchester United FC	Manchester United	Eng
124	76.250	ACF Fiorentina	Fiorentina	Ita
269	75.250	Club Brugge KV	Club Brugge	Bel
194	74.500	Real Betis Balompié	Real Betis	Esp
120	72.250	Juventus FC	Juventus	Ita
118	71.250	PSV Eindhoven	PSV Eindhoven	Ned
117	71.000	Feyenoord Rotterdam	Feyenoord	Ned
105	69.000	West Ham United FC	West Ham United	Eng
213	68.750	Lille OSC	Lille OSC	Fra
121	66.000	AC Milan	AC Milan	Ita
181	65.750	Olympique Lyonnais	Olympique Lyon	Fra
5253	64.000	FK Bodø/Glimt	Bodø/Glimt	Nor
1974	63.750	SC Braga	Sporting Braga	Por
327	63.000	SSC Napoli	Napoli	Ita
242	62.875	AZ Alkmaar	AZ Alkmaar	Ned
133	62.250	Olympiacos FC	Olympiakos Piraeus	Gre
5010	61.000	RB Leipzig	RB Leipzig	Ger
132	59.250	Rangers FC	Glasgow Rangers	Sco
267	59.000	Villarreal CF	Villarreal	Esp
122	59.000	SS Lazio	Lazio	Ita
116	58.250	AFC Ajax	Ajax	Ned
197	57.750	Fenerbahçe SK	Fenerbahçe	Tur
196	57.000	Real Sociedad de Fútbol	Real Sociedad	Esp
227	56.500	Sport-Club Freiburg	SC Freiburg	Ger
1232	56.250	FC Shakhtar Donetsk	Shakhtar Donetsk	Ukr
112	56.000	AS Monaco FC	AS Monaco	Fra
1207	54.375	FC København	FC København	Den
113	54.000	Olympique Marseille	Olympique Marseille	Fra
130	53.500	Galatasaray AŞ	Galatasaray	Tur
2375	51.250	Ferencvárosi TC	Ferencváros	Hun
2037	50.500	FC Viktoria Plzeň	Viktoria Plzen	Cze
2069	48.250	FC Midtjylland	FC Midtjylland	Den
1212	48.250	PAOK FC	PAOK Thessaloniki	Gre
5220	48.000	Royale Union Saint-Gilloise	Union Saint-Gilloise	Bel
1223	46.500	FK Crvena Zvezda	Red Star Belgrade	Srb
1203	46.500	GNK Dinamo Zagreb	Dinamo Zagreb	Cro
1586	45.000	FC Red Bull Salzburg	FC Salzburg	Aut
131	44.000	Celtic FC	Celtic	Sco
5189	44.000	SK Slavia Praha	Slavia Praha	Cze
4326	42.750	Qarabağ FK	Qarabag FK	Azb
1196	39.000	KAA Gent	AA Gent	Bel
265	39.000	Sevilla FC	Sevilla	Esp
5973	38.750	Athletic Club	Athletic Bilbao	Esp
258	38.750	Athletic Club	Athletic Bilbao	Esp
175	38.250	AC Sparta Praha	Sparta Praha	Cze
4344	36.000	ŠK Slovan Bratislava	Slovan Bratislava	Svk
218	35.000	Stade Rennais FC	Stade Rennais	Fra
1706	34.500	FC Basel 1893	FC Basel	Sui
1756	32.500	Legia Warszawa	Legia Warsaw	Pol
2101	32.500	Maccabi Tel-Aviv FC	Maccabi Tel-Aviv	Isr
1226	32.000	Djurgårdens IF	Djurgårdens IF	Swe
186	30.750	Bologna FC 1909	Bologna	Ita
174	30.750	RSC Anderlecht	Anderlecht	Bel
106	29.750	Newcastle United FC	Newcastle United	Eng
1819	29.750	SK Rapid Wien	Rapid Wien	Aut
1950	29.500	BSC Young Boys	Young Boys	Sui
198	29.250	Panathinaikos FC	Panathinaikos	Gre
1195	29.000	KRC Genk	Racing Genk	Bel
4355	28.750	PFC Ludogorets 1945	Ludogorets Razgrad	Bul
2081	28.000	SK Sturm Graz	Sturm Graz	Aut
231	27.500	VfB Stuttgart	VfB Stuttgart	Ger
2127	27.250	KKS Lech Poznań	Lech Poznan	Pol
1216	25.500	FCSB	FCSB	Rom
9504	24.125	Pafos FC	Pafos FC	Cyp
270	24.000	AEK Athens FC	AEK Athens	Gre
389	23.000	Nottingham Forest FC	Nottingham Forest	Eng
382	21.880	Crystal Palace FC	Crystal Palace	Eng
377	16.000	Brighton & Hove Albion FC	Brighton & Hove Albion	Eng
204	13.000	Leicester City FC	Leicester City	Eng
4140	23.000	1. FC Union Berlin	Union Berlin	Ger
5288	22.250	RKS Raków Częstochowa	Raków Czestochowa	Pol
370	22.000	Rayo Vallecano	Rayo Vallecano	Esp
5269	22.000	Jagiellonia Białystok	Jagiellonia Bialystok	Pol
272	22.000	FK Partizan	Partizan Belgrade	Srb
5242	21.750	Molde FK	Molde FK	Nor
4213	21.500	RC Strasbourg Alsace	RC Strasbourg	Fra
4965	21.250	FC Lugano	FC Lugano	Sui
2078	21.000	LASK Linz	LASK	Aut
217	20.000	OGC Nice Côte d'Azur	OGC Nice	Fra
4347	20.000	FC Sheriff Tiraspol	Sheriff Tiraspol	Mol
1995	19.500	İstanbul Başakşehir FK	Istanbul Basaksehir	Tur
195	16.250	RC Celta de Vigo	Celta de Vigo	Esp
2187	8.000	Girona FC	Girona FC	Esp
263	2.500	CA Osasuna	Osasuna	Esp
1804	18.750	Vitória SC	Vitória Guimarães	Por
2526	18.625	HNK Rijeka	NK Rijeka	Cro
436	17.500	1. FSV Mainz 05	FSV Mainz 05	Ger
5009	8.120	1. FC Heidenheim 1846	1.FC Heidenheim	Ger
4126	7.000	TSG Hoffenheim	1899 Hoffenheim	Ger
4137	6.000	1. FC Köln	1.FC Köln	Ger
232	8.000	VfL Wolfsburg	VfL Wolfsburg	Ger
134	17.500	FC Dynamo Kiev	Dynamo Kyiv	Ukr
1746	17.500	CFR 1907 Cluj	CFR Cluj	Rom
1213	17.500	Maccabi Haifa FC	Maccabi Haifa	Isr
1329	16.750	Stade Brestois 29	Stade Brestois	Fra
182	12.500	RC Lens	RC Lens	Fra
221	10.000	Toulouse FC	Toulouse FC	Fra
216	8.000	FC Nantes	FC Nantes	Fra
273	15.500	Beşiktaş JK	Besiktas	Tur
1702	15.000	Malmö FF	Malmö FF	Swe
2178	14.750	APOEL FC	APOEL Nicosia	Cyp
2391	5.000	CD Santa Clara	CD Santa Clara	Por
2380	2.000	FC Arouca	FC Arouca	Por
2387	2.500	Gil Vicente FC	Gil Vicente	Por
1733	14.000	HJK Helsinki	HJK Helsinki	Fin
2534	14.000	Hapoel Be'er Sheva FC	Hapoel Beer-Sheva	Isr
346	6.500	Go Ahead Eagles	Go Ahead Eagles	Ned
251	3.000	FC Utrecht	FC Utrecht	Ned
250	13.500	FC Twente	FC Twente Enschede	Ned
2009	12.750	Cercle Brugge KSV	Cercle Brugge	Bel
2374	12.500	FC Astana	FK Astana	Kaz
5191	12.500	Royal Antwerp FC	Royal Antwerp	Bel
2010	1.500	Royal Charleroi SC	Charleroi	Bel
1221	11.500	Heart of Midlothian FC	Hearts FC	Sco
5361	11.125	Samsunspor	Samsunspor	Tur
2058	11.000	FC Kairat	Kairat Almaty	Kaz
1945	11.000	Trabzonspor	Trabzonspor	Tur
5204	2.000	Konyaspor	Konyaspor	Tur
4964	10.000	FC Lausanne-Sport	Lausanne Sports	Sui
5322	10.000	BK Häcken	BK Häcken	Swe
1219	10.000	Aberdeen FC	Aberdeen	Sco
2525	10.000	HNK Hajduk Split	Hajduk Split	Cro
1948	7.000	Aris FC	Aris Thessaloniki	Gre
1832	9.500	Brøndby IF	Brøndby IF	Den
5272	5.000	Pogoń Szczecin	Pogon Szczecin	Pol
5271	1.500	Lechia Gdańsk	Lechia Gdansk	Pol
5225	8.000	Silkeborg IF	Silkeborg IF	Den
1208	7.000	FC Nordsjælland	FC Nordsjælland	Den
2067	3.000	AGF Aarhus	AGF Aarhus	Den
5237	2.500	Viborg FF	Viborg FF	Den
2071	7.000	Randers FC	Randers FC	Den
1215	7.000	Rosenborg BK	Rosenborg BK	Nor
1222	7.000	Hibernian FC	Hibernian	Sco
2392	5.000	Wolfsberger AC	Wolfsberger AC	Aut
2531	6.500	PFC CSKA Sofia	CSKA Sofia	Bul
1220	4.000	Dundee United FC	Dundee United	Sco
1985	2.500	Kilmarnock FC	Kilmarnock	Sco
1987	2.000	St. Mirren FC	St. Mirren	Sco
1986	1.500	Motherwell FC	Motherwell	Sco
